Genre,Platform,Number_of_Games,Total_Global_Sales,Average_Global_Sales
Action,PS3,373,304.02,0.82
Sports,Wii,256,289.95,1.13
Shooter,X360,197,277.23,1.41
Action,PS2,345,272.43,0.79
Sports,PS2,391,262.64,0.67
Action,X360,318,239.67,0.75
Misc,Wii,272,217.43,0.8
Shooter,PS3,155,195.8,1.26
Racing,PS2,212,154.21,0.73
Misc,DS,389,137.67,0.35
Sports,X360,215,137.43,0.64
Sports,PS3,210,134.91,0.64
Simulation,DS,280,131.65,0.47
Role-Playing,DS,196,126.56,0.65
Action,PS,154,125.74,0.82
Sports,PS,221,119.51,0.54
Action,DS,335,114.16,0.34
Action,Wii,230,110.48,0.48
Shooter,PS2,158,108.28,0.69
Racing,PS,144,102.89,0.71
Misc,PS2,218,98.69,0.45
Platform,NES,28,95.78,3.42
Role-Playing,PS2,183,91.55,0.5
Platform,Wii,57,90.68,1.59
Misc,X360,122,89.33,0.73
Fighting,PS2,146,89.19,0.61
Role-Playing,GB,21,88.24,4.2
Action,PS4,122,87.06,0.71
Puzzle,DS,236,83.87,0.36
Role-Playing,PS,97,78.3,0.81
Platform,GBA,139,78.08,0.56
Platform,DS,89,77.4,0.87
Role-Playing,3DS,85,75.71,0.89
Shooter,PS4,34,75.32,2.22
Role-Playing,PS3,117,75.24,0.64
Racing,PS3,90,73.1,0.81
Fighting,PS,108,72.68,0.67
Platform,PS2,101,72.11,0.71
Role-Playing,X360,75,71.97,0.96
Platform,SNES,26,65.65,2.53
Racing,X360,102,65.13,0.64
Platform,PS,64,64.21,1.0
Role-Playing,GBA,73,64.21,0.88
Action,PSP,217,62.66,0.29
Shooter,XB,124,62.12,0.5
Racing,Wii,92,61.24,0.67
Action,3DS,180,56.61,0.31
Action,GBA,162,54.26,0.33
Platform,GB,18,53.88,2.99
Sports,XB,166,53.05,0.32
Simulation,PC,112,51.73,0.46
Fighting,PS3,76,51.7,0.68
Shooter,XOne,33,51.61,1.56
Sports,PS4,43,50.07,1.16
Role-Playing,PSP,191,49.01,0.26
Puzzle,GB,15,47.47,3.16
Action,XB,152,47.46,0.31
Role-Playing,PC,103,47.37,0.46
Adventure,DS,238,47.15,0.2
Misc,PS3,121,45.91,0.38
Strategy,PC,184,45.63,0.25
Misc,PS,76,44.9,0.59
Shooter,PC,145,43.44,0.3
Simulation,PS2,89,42.26,0.47
Racing,N64,57,40.09,0.7
Sports,PSP,130,39.9,0.31
Shooter,PS,96,39.31,0.41
Racing,DS,66,38.58,0.58
Fighting,X360,65,37.64,0.58
Action,GC,98,37.25,0.38
Simulation,Wii,84,36.62,0.44
Role-Playing,SNES,50,36.43,0.73
Platform,N64,30,36.13,1.2
Shooter,NES,7,35.62,5.09
Racing,PSP,65,34.73,0.53
Action,XOne,68,33.79,0.5
Sports,N64,79,32.6,0.41
Platform,3DS,28,32.23,1.15
Sports,DS,146,31.71,0.22
Racing,XB,122,31.42,0.26
Action,PC,161,30.67,0.19
Platform,PS3,36,29.85,0.83
Action,N64,37,29.44,0.8
Action,NES,13,28.75,2.21
Platform,GC,73,28.66,0.39
Misc,GBA,86,28.5,0.33
Fighting,SNES,25,26.95,1.08
Sports,NES,14,26.85,1.92
Simulation,3DS,28,26.59,0.95
Action,2600,55,26.39,0.48
Shooter,Wii,61,26.34,0.43
Role-Playing,PS4,47,25.77,0.55
Simulation,PS,60,25.33,0.42
Sports,GC,106,24.49,0.23
Sports,XOne,36,23.97,0.67
Fighting,Wii,41,23.82,0.58
Shooter,2600,22,22.97,1.04
Adventure,PS3,72,22.87,0.32
Fighting,N64,29,22.08,0.76
Fighting,PSP,73,21.88,0.3
Racing,GC,60,21.79,0.36
Strategy,PS,70,21.67,0.31
Platform,WiiU,16,21.24,1.33
Adventure,PS2,196,21.16,0.11
Puzzle,NES,14,21.0,1.5
Adventure,PS,67,20.77,0.31
Action,PSV,141,20.0,0.14
Shooter,PSP,37,19.77,0.53
Action,WiiU,63,19.35,0.31
Shooter,N64,24,19.27,0.8
Racing,GBA,64,18.8,0.29
Role-Playing,NES,11,18.78,1.71
Fighting,GC,42,18.43,0.44
Adventure,Wii,83,18.33,0.22
Sports,SNES,49,17.87,0.36
Platform,PSP,36,17.28,0.48
Adventure,GB,5,17.16,3.43
Misc,GC,35,16.45,0.47
Sports,GBA,88,16.41,0.19
Puzzle,Wii,54,15.63,0.29
Platform,GEN,7,15.45,2.21
Adventure,X360,47,15.23,0.32
Strategy,PS2,70,15.04,0.21
Strategy,DS,78,14.76,0.19
Racing,3DS,10,14.41,1.44
Simulation,X360,36,14.1,0.39
Role-Playing,Wii,35,14.06,0.4
Misc,PSP,104,13.7,0.13
Puzzle,2600,8,13.65,1.71
Shooter,GC,48,13.63,0.28
Role-Playing,XB,23,13.51,0.59
Racing,SNES,9,13.49,1.5
Misc,GB,8,13.35,1.67
Platform,2600,9,13.27,1.47
Role-Playing,PSV,82,13.09,0.16
Role-Playing,GC,25,13.03,0.52
Fighting,XB,44,12.83,0.29
Misc,WiiU,21,12.23,0.58
Adventure,GBA,36,12.1,0.34
Puzzle,GBA,39,12.09,0.31
Puzzle,PS,32,12.08,0.38
Sports,PC,49,12.01,0.25
Racing,PS4,17,11.53,0.68
Platform,X360,24,11.39,0.47
Misc,N64,18,11.19,0.62
Simulation,PS3,30,10.72,0.36
Adventure,PSP,213,10.69,0.05
Misc,3DS,53,10.48,0.2
Fighting,3DS,14,10.46,0.75
Strategy,N64,9,10.33,1.15
Strategy,PSP,58,10.29,0.18
Simulation,N64,10,10.19,1.02
Adventure,PC,65,10.09,0.16
Action,SNES,12,10.08,0.84
Racing,NES,4,9.78,2.45
Strategy,X360,27,9.77,0.36
Platform,XB,49,9.66,0.2
Role-Playing,XOne,13,9.48,0.73
Sports,GB,9,9.05,1.01
Racing,XOne,19,8.8,0.46
Misc,XB,45,8.67,0.19
Simulation,GC,12,8.59,0.72
Fighting,SAT,31,8.52,0.27
Misc,PC,22,8.41,0.38
Shooter,DS,42,8.2,0.2
Strategy,GB,7,8.05,1.15
Fighting,PS4,17,8.04,0.47
Action,GB,6,7.92,1.32
Racing,WiiU,3,7.77,2.59
Strategy,GBA,18,7.45,0.41
Misc,PS4,15,7.4,0.49
Fighting,DS,36,7.2,0.2
Simulation,XB,24,7.11,0.3
Platform,PS4,11,7.01,0.64
Misc,XOne,15,6.86,0.46
Fighting,NES,4,6.54,1.64
Puzzle,SNES,13,6.38,0.49
Fighting,WiiU,5,6.36,1.27
Simulation,PSP,29,6.28,0.22
Sports,3DS,25,6.18,0.25
Shooter,WiiU,10,6.17,0.62
Shooter,SNES,10,6.07,0.61
Adventure,GC,20,5.93,0.3
Simulation,GBA,18,5.91,0.33
Fighting,GEN,5,5.9,1.18
Puzzle,PS2,18,5.9,0.33
Simulation,SNES,9,5.63,0.63
Puzzle,3DS,19,5.56,0.29
Puzzle,PSP,44,5.52,0.13
Strategy,Wii,25,5.23,0.21
Misc,PSV,24,5.18,0.22
Misc,SNES,17,5.02,0.3
Strategy,SNES,15,4.98,0.33
Sports,PSV,23,4.88,0.21
Strategy,PS3,22,4.77,0.22
Adventure,3DS,36,4.73,0.13
Adventure,PS4,19,4.7,0.25
Shooter,PSV,5,4.57,0.91
Puzzle,GC,12,4.57,0.38
Racing,GB,2,4.55,2.28
Adventure,NES,1,4.38,4.38
Strategy,GC,11,4.32,0.39
Fighting,GBA,23,4.21,0.18
Adventure,PSV,85,4.16,0.05
Adventure,SAT,26,4.16,0.16
Shooter,SAT,22,3.98,0.18
Racing,PC,56,3.8,0.07
Role-Playing,SAT,17,3.76,0.22
Sports,DC,10,3.66,0.37
Shooter,GBA,40,3.6,0.09
Misc,NES,2,3.59,1.8
Misc,2600,5,3.58,0.72
Simulation,GB,5,3.55,0.71
Puzzle,N64,12,3.41,0.28
Sports,WiiU,8,3.32,0.42
Strategy,SAT,18,3.24,0.18
Sports,GEN,3,3.2,1.07
Fighting,PSV,16,3.15,0.2
Adventure,XB,26,3.06,0.12
Platform,PSV,10,3.03,0.3
Role-Playing,N64,7,3.03,0.43
Racing,PSV,11,2.95,0.27
Sports,SAT,16,2.79,0.17
Strategy,XB,21,2.78,0.13
Sports,2600,10,2.77,0.28
Action,GEN,3,2.74,0.91
Racing,DC,6,2.65,0.44
Platform,DC,2,2.54,1.27
Adventure,XOne,12,2.51,0.21
Adventure,DC,11,2.5,0.23
Role-Playing,WiiU,6,2.47,0.41
Racing,SAT,8,2.4,0.3
Racing,2600,4,2.32,0.58
Fighting,XOne,7,2.31,0.33
Strategy,3DS,15,2.09,0.14
Fighting,DC,12,1.83,0.15
Platform,SCD,1,1.5,1.5
Adventure,SNES,4,1.5,0.38
Fighting,NG,11,1.42,0.13
Puzzle,WiiU,4,1.33,0.33
Action,DC,3,1.26,0.42
Strategy,WiiU,3,1.24,0.41
Shooter,3DS,6,1.22,0.2
Role-Playing,WS,4,1.22,0.3
Shooter,GB,1,1.2,1.2
Misc,SAT,15,1.2,0.08
Simulation,SAT,7,1.13,0.16
Puzzle,SAT,5,1.0,0.2
Puzzle,PC,25,0.92,0.04
Platform,XOne,4,0.81,0.2
Simulation,PS4,5,0.77,0.15
Fighting,2600,1,0.77,0.77
Platform,SAT,5,0.76,0.15
Puzzle,X360,6,0.71,0.12
Role-Playing,DC,4,0.68,0.17
Action,SAT,3,0.65,0.22
Simulation,XOne,3,0.54,0.18
Simulation,DC,1,0.52,0.52
Platform,PC,11,0.49,0.04
Puzzle,PS3,2,0.46,0.23
Adventure,N64,4,0.45,0.11
Simulation,2600,1,0.45,0.45
Puzzle,XB,7,0.42,0.06
Strategy,PS4,5,0.41,0.08
Adventure,2600,1,0.4,0.4
Strategy,XOne,3,0.38,0.13
Shooter,DC,3,0.33,0.11
Strategy,PSV,7,0.31,0.04
Role-Playing,GEN,3,0.27,0.09
Racing,GEN,1,0.26,0.26
Simulation,WiiU,1,0.21,0.21
Strategy,WS,2,0.2,0.1
Puzzle,PSV,3,0.2,0.07
Strategy,GEN,1,0.19,0.19
Adventure,GEN,2,0.19,0.1
Adventure,WiiU,3,0.17,0.06
Strategy,SCD,1,0.14,0.14
Fighting,PC,5,0.14,0.03
Adventure,TG16,1,0.14,0.14
Shooter,GEN,1,0.13,0.13
Misc,SCD,2,0.1,0.05
Simulation,PSV,3,0.08,0.03
Racing,SCD,1,0.07,0.07
Adventure,3DO,1,0.06,0.06
Role-Playing,SCD,1,0.06,0.06
Platform,GG,1,0.04,0.04
Role-Playing,PCFX,1,0.03,0.03
Misc,GEN,1,0.03,0.03
Puzzle,PS4,1,0.02,0.02
Puzzle,3DO,1,0.02,0.02
Shooter,TG16,1,0.02,0.02
Simulation,3DO,1,0.02,0.02
Sports,NG,1,0.02,0.02
