Genre,2600,3DO,3DS,DC,DS,GB,GBA,GC,GEN,GG,N64,NES,NG,PC,PCFX,PS,PS2,PS3,PS4,PSP,PSV,SAT,SCD,SNES,TG16,WS,Wii,WiiU,X360,XB,XOne
Action,26.39,0.0,56.61,1.26,114.16,7.92,54.26,37.25,2.74,0.0,29.44,28.75,0.0,30.67,0.0,125.74,272.43,304.02,87.06,62.66,20.0,0.65,0.0,10.08,0.0,0.0,110.48,19.35,239.67,47.46,33.79
Adventure,0.4,0.06,4.73,2.5,47.15,17.16,12.1,5.93,0.19,0.0,0.45,4.38,0.0,10.09,0.0,20.77,21.16,22.87,4.7,10.69,4.16,4.16,0.0,1.5,0.14,0.0,18.33,0.17,15.23,3.06,2.51
Fighting,0.77,0.0,10.46,1.83,7.2,0.0,4.21,18.43,5.9,0.0,22.08,6.54,1.42,0.14,0.0,72.68,89.19,51.7,8.04,21.88,3.15,8.52,0.0,26.95,0.0,0.0,23.82,6.36,37.64,12.83,2.31
Misc,3.58,0.0,10.48,0.0,137.67,13.35,28.5,16.45,0.03,0.0,11.19,3.59,0.0,8.41,0.0,44.9,98.69,45.91,7.4,13.7,5.18,1.2,0.1,5.02,0.0,0.0,217.43,12.23,89.33,8.67,6.86
Platform,13.27,0.0,32.23,2.54,77.4,53.88,78.08,28.66,15.45,0.04,36.13,95.78,0.0,0.49,0.0,64.21,72.11,29.85,7.01,17.28,3.03,0.76,1.5,65.65,0.0,0.0,90.68,21.24,11.39,9.66,0.81
Puzzle,13.65,0.02,5.56,0.0,83.87,47.47,12.09,4.57,0.0,0.0,3.41,21.0,0.0,0.92,0.0,12.08,5.9,0.46,0.02,5.52,0.2,1.0,0.0,6.38,0.0,0.0,15.63,1.33,0.71,0.42,0.0
Racing,2.32,0.0,14.41,2.65,38.58,4.55,18.8,21.79,0.26,0.0,40.09,9.78,0.0,3.8,0.0,102.89,154.21,73.1,11.53,34.73,2.95,2.4,0.07,13.49,0.0,0.0,61.24,7.77,65.13,31.42,8.8
Role-Playing,0.0,0.0,75.71,0.68,126.56,88.24,64.21,13.03,0.27,0.0,3.03,18.78,0.0,47.37,0.03,78.3,91.55,75.24,25.77,49.01,13.09,3.76,0.06,36.43,0.0,1.22,14.06,2.47,71.97,13.51,9.48
Shooter,22.97,0.0,1.22,0.33,8.2,1.2,3.6,13.63,0.13,0.0,19.27,35.62,0.0,43.44,0.0,39.31,108.28,195.8,75.32,19.77,4.57,3.98,0.0,6.07,0.02,0.0,26.34,6.17,277.23,62.12,51.61
Simulation,0.45,0.02,26.59,0.52,131.65,3.55,5.91,8.59,0.0,0.0,10.19,0.0,0.0,51.73,0.0,25.33,42.26,10.72,0.77,6.28,0.08,1.13,0.0,5.63,0.0,0.0,36.62,0.21,14.1,7.11,0.54
Sports,2.77,0.0,6.18,3.66,31.71,9.05,16.41,24.49,3.2,0.0,32.6,26.85,0.02,12.01,0.0,119.51,262.64,134.91,50.07,39.9,4.88,2.79,0.0,17.87,0.0,0.0,289.95,3.32,137.43,53.05,23.97
Strategy,0.0,0.0,2.09,0.0,14.76,8.05,7.45,4.32,0.19,0.0,10.33,0.0,0.0,45.63,0.0,21.67,15.04,4.77,0.41,10.29,0.31,3.24,0.14,4.98,0.0,0.2,5.23,1.24,9.77,2.78,0.38
