Platform,Number_of_Games,Total_Global_Sales,Average_Global_Sales,Maximum_Global_Sales
PS2,2127,1233.46,0.58,20.81
X360,1234,969.6,0.79,21.82
PS3,1304,949.35,0.73,21.4
Wii,1290,909.81,0.71,82.74
DS,2131,818.91,0.38,30.01
PS,1189,727.39,0.61,10.95
GBA,786,305.62,0.39,15.85
PSP,1197,291.71,0.24,7.72
PS4,336,278.1,0.83,14.24
PC,938,254.7,0.27,8.11
GB,97,254.42,2.62,31.37
XB,803,252.09,0.31,8.49
NES,98,251.07,2.56,40.24
3DS,499,246.27,0.49,14.35
N64,316,218.21,0.69,11.89
SNES,239,200.05,0.84,20.61
GC,542,197.14,0.36,7.07
XOne,213,141.06,0.66,7.3
2600,116,86.57,0.75,7.81
WiiU,143,81.86,0.57,6.96
PSV,410,61.6,0.15,2.25
SAT,173,33.59,0.19,1.93
GEN,27,28.36,1.05,6.03
DC,52,15.97,0.31,2.42
SCD,6,1.87,0.31,1.5
NG,12,1.44,0.12,0.25
WS,6,1.42,0.24,0.51
TG16,2,0.16,0.08,0.14
3DO,3,0.1,0.03,0.06
GG,1,0.04,0.04,0.04
PCFX,1,0.03,0.03,0.03
