Year,Number_of_Games,Total_Global_Sales,Average_Global_Sales
1980,9,11.38,1.26
1981,46,35.77,0.78
1982,36,28.86,0.8
1983,17,16.79,0.99
1984,14,50.36,3.6
1985,14,53.94,3.85
1986,21,37.07,1.77
1987,16,21.74,1.36
1988,15,47.22,3.15
1989,17,73.45,4.32
1990,16,49.39,3.09
1991,41,32.23,0.79
1992,43,76.16,1.77
1993,60,45.98,0.77
1994,121,79.17,0.65
1995,219,88.11,0.4
1996,263,199.15,0.76
1997,289,200.98,0.7
1998,379,256.47,0.68
1999,338,251.27,0.74
2000,349,201.56,0.58
2001,482,331.47,0.69
2002,829,395.52,0.48
2003,775,357.85,0.46
2004,744,414.01,0.56
2005,936,458.51,0.49
2006,1008,521.04,0.52
2007,1201,609.92,0.51
2008,1428,678.9,0.48
2009,1431,667.3,0.47
2010,1257,600.29,0.48
2011,1136,515.8,0.45
2012,655,363.49,0.55
2013,546,368.11,0.67
2014,580,337.03,0.58
2015,614,264.44,0.43
2016,342,70.9,0.21
2017,3,0.05,0.02
2020,1,0.29,0.29
